timestamp,cpu_core_0,cpu_core_1,cpu_core_2,cpu_core_3
2026-04-16T22:20:41.940079,5.0,5.0,5.0,97.0
2026-04-16T22:20:43.099574,9.6,82.6,8.8,20.9
2026-04-16T22:20:44.109108,0.0,99.0,1.0,0.0
2026-04-16T22:20:45.109906,2.0,100.0,0.0,1.0
2026-04-16T22:20:46.110486,0.0,100.0,0.0,0.0
2026-04-16T22:20:47.111185,40.4,58.0,26.0,15.0
2026-04-16T22:20:48.111819,55.6,54.1,17.2,15.6
2026-04-16T22:20:49.113278,52.5,24.5,48.5,19.8
2026-04-16T22:20:50.114564,20.6,28.7,82.5,19.6
2026-04-16T22:20:51.115511,22.7,41.4,61.2,17.5
2026-04-16T22:20:52.117094,52.6,55.0,57.6,58.2
2026-04-16T22:20:53.118926,13.1,13.3,13.3,27.3
2026-04-16T22:20:54.120300,12.9,12.0,46.4,15.2
2026-04-16T22:20:55.122129,18.0,27.0,46.0,57.0
2026-04-16T22:20:56.123379,19.0,58.6,51.0,18.4
2026-04-16T22:20:57.124700,24.2,57.4,39.4,27.0
2026-04-16T22:20:58.126082,32.7,26.8,49.0,34.0
2026-04-16T22:20:59.127671,63.5,17.2,40.2,24.5
2026-04-16T22:21:00.129741,75.2,48.5,57.1,50.5
2026-04-16T22:21:01.130825,34.0,48.0,46.1,44.2
2026-04-16T22:21:02.131323,2.0,3.0,19.0,2.0
2026-04-16T22:21:03.135419,16.3,24.0,64.0,36.8
2026-04-16T22:21:04.137756,46.5,23.5,63.9,22.3
2026-04-16T22:21:05.139996,22.8,69.4,40.2,20.6
2026-04-16T22:21:06.142419,21.0,85.4,25.5,18.4
2026-04-16T22:21:07.144987,17.3,39.0,69.0,17.5
2026-04-16T22:21:08.148867,40.2,54.5,71.1,44.7
2026-04-16T22:21:09.151516,54.5,51.0,60.6,50.5
2026-04-16T22:21:10.153460,5.0,8.0,7.1,5.9
2026-04-16T22:21:11.155242,36.6,32.3,42.0,20.2
2026-04-16T22:21:12.157140,27.8,32.4,69.7,18.2
2026-04-16T22:21:13.159892,21.4,34.6,78.8,19.6
2026-04-16T22:21:14.163169,16.7,57.9,51.0,17.2
2026-04-16T22:21:15.165178,19.0,62.0,39.8,25.0
2026-04-16T22:21:16.167383,30.0,76.5,21.0,27.0
2026-04-16T22:21:17.174291,66.3,72.0,57.0,60.6
2026-04-16T22:21:18.175861,21.4,21.4,24.5,28.3
2026-04-16T22:21:19.177294,10.3,26.5,29.3,9.1
2026-04-16T22:21:20.180214,19.2,46.9,60.0,21.2
2026-04-16T22:21:21.182409,53.9,18.8,58.2,18.0
2026-04-16T22:21:22.184463,68.0,20.6,34.7,17.7
2026-04-16T22:21:23.186781,52.6,18.2,55.6,20.0
2026-04-16T22:21:24.190213,43.3,33.0,28.3,41.0
2026-04-16T22:21:25.192011,54.5,73.0,45.5,49.5
2026-04-16T22:21:26.194104,55.0,41.3,59.0,41.2
2026-04-16T22:21:27.212790,0.0,0.0,12.9,0.0
2026-04-16T22:21:28.214635,87.6,16.5,20.4,18.2
2026-04-16T22:21:29.217200,20.0,42.0,41.0,43.3
2026-04-16T22:21:30.220081,17.5,59.4,44.9,24.2
2026-04-16T22:21:31.222992,21.0,65.7,23.8,40.8
2026-04-16T22:21:32.224720,39.8,71.0,18.4,17.7
2026-04-16T22:21:33.227394,74.0,35.4,33.7,50.5
2026-04-16T22:21:34.229954,58.2,56.1,54.6,53.1
2026-04-16T22:21:35.231675,11.8,10.9,10.9,12.7
2026-04-16T22:21:36.232916,17.7,14.4,51.5,32.3
2026-04-16T22:21:37.236566,21.2,20.4,70.4,41.6
2026-04-16T22:21:38.238225,17.5,49.5,19.0,62.0
2026-04-16T22:21:39.240881,48.5,20.4,33.3,40.4
2026-04-16T22:21:40.243376,15.3,88.7,19.0,21.2
2026-04-16T22:21:41.246023,19.8,23.8,43.6,61.2
2026-04-16T22:21:42.249352,59.4,56.3,72.0,70.6
2026-04-16T22:21:43.255669,28.6,40.2,22.0,22.4
2026-04-16T22:21:44.257499,8.9,15.2,12.1,29.0
2026-04-16T22:21:45.259729,18.2,91.9,18.2,17.2
2026-04-16T22:21:46.262042,38.0,53.6,19.2,34.3
2026-04-16T22:21:47.266334,44.0,29.9,53.5,15.5
2026-04-16T22:21:48.269371,62.6,25.3,19.8,40.4
2026-04-16T22:21:49.271725,49.0,36.7,23.2,37.8
2026-04-16T22:21:50.273987,46.5,72.5,43.0,60.0
2026-04-16T22:21:51.276449,46.0,55.7,54.4,47.6
2026-04-16T22:21:52.292625,0.0,6.9,0.0,0.0
2026-04-16T22:21:53.334164,19.4,45.5,21.2,65.7
2026-04-16T22:21:54.347286,36.7,38.8,32.7,34.7
2026-04-16T22:21:55.350544,47.0,20.6,30.1,57.6
2026-04-16T22:21:56.352365,38.4,62.4,24.2,23.8
2026-04-16T22:21:57.356094,66.3,19.4,19.8,41.1
2026-04-16T22:21:58.360320,90.7,35.6,34.0,33.7
2026-04-16T22:21:59.366302,58.8,52.5,49.0,70.6
2026-04-16T22:22:00.367730,14.0,10.9,10.8,18.0
2026-04-16T22:22:01.369308,18.3,33.0,16.5,52.0
2026-04-16T22:22:02.371292,14.7,50.5,44.8,28.1
2026-04-16T22:22:03.374034,20.8,63.3,38.8,22.8
2026-04-16T22:22:04.377449,21.2,43.0,65.0,18.2
2026-04-16T22:22:05.381724,17.2,43.0,18.0,67.3
2026-04-16T22:22:06.385878,40.4,45.4,26.5,35.6
2026-04-16T22:22:07.388135,68.7,56.7,55.8,65.6
2026-04-16T22:22:08.390583,24.5,32.0,23.5,41.0
2026-04-16T22:22:09.391916,10.9,21.4,8.9,25.5
2026-04-16T22:22:10.393788,19.2,35.7,49.0,40.0
2026-04-16T22:22:11.396000,32.7,65.3,30.3,16.3
2026-04-16T22:22:12.398844,47.4,40.0,40.6,19.2
2026-04-16T22:22:13.400653,26.7,39.2,48.0,34.0
2026-04-16T22:22:14.403842,39.6,40.6,25.7,40.8
2026-04-16T22:22:15.406636,73.7,42.0,40.4,58.4
2026-04-16T22:22:16.408528,52.0,55.6,42.7,52.0
2026-04-16T22:22:17.416413,0.0,3.0,0.0,0.0
2026-04-16T22:22:18.463125,31.4,74.5,18.8,24.0
2026-04-16T22:22:19.490360,28.3,42.0,56.0,17.8
2026-04-16T22:22:20.493009,20.0,80.6,29.3,18.4
2026-04-16T22:22:21.496106,21.4,51.5,58.4,23.5
2026-04-16T22:22:22.497967,28.7,42.6,57.4,23.8
2026-04-16T22:22:23.500174,87.8,32.7,34.0,39.6
2026-04-16T22:22:24.503075,59.6,58.6,48.4,54.5
2026-04-16T22:22:25.504774,13.6,10.9,8.1,17.0
2026-04-16T22:22:26.506019,15.8,43.6,34.3,23.5
2026-04-16T22:22:27.508807,19.6,79.2,23.8,26.0
2026-04-16T22:22:28.510996,29.7,21.4,78.2,19.0
2026-04-16T22:22:29.514991,32.3,36.7,58.2,19.0
2026-04-16T22:22:30.516324,18.0,80.4,33.7,19.0
2026-04-16T22:22:31.519049,24.8,55.6,37.0,30.0
2026-04-16T22:22:32.521661,53.5,74.0,63.6,64.0
2026-04-16T22:22:33.523457,45.5,22.4,24.2,23.2
2026-04-16T22:22:34.525159,27.0,8.2,7.1,17.0
2026-04-16T22:22:35.527530,17.3,15.8,44.0,64.3
2026-04-16T22:22:36.530506,25.5,39.0,38.4,43.0
2026-04-16T22:22:37.532634,17.5,17.3,89.1,16.5
2026-04-16T22:22:38.534937,19.8,25.0,85.9,19.0
2026-04-16T22:22:39.537367,16.5,86.0,21.9,18.2
2026-04-16T22:22:40.540192,40.2,78.8,51.6,41.7
2026-04-16T22:22:41.542989,46.9,50.0,38.3,58.3
2026-04-16T22:22:42.564269,0.0,0.0,0.0,5.9
2026-04-16T22:22:43.600803,35.3,21.8,20.0,74.5
2026-04-16T22:22:44.612226,63.6,45.5,18.2,20.8
2026-04-16T22:22:45.615026,29.2,46.9,33.3,33.7
2026-04-16T22:22:46.619978,22.8,22.3,84.3,25.5
2026-04-16T22:22:47.622051,25.5,81.8,20.2,21.2
2026-04-16T22:22:48.625057,38.8,77.8,38.6,44.0
2026-04-16T22:22:49.627355,52.5,53.0,64.6,59.0
2026-04-16T22:22:50.628503,6.2,8.1,7.2,19.8
2026-04-16T22:22:51.630279,23.2,27.7,30.3,30.9
2026-04-16T22:22:52.633992,28.4,35.0,40.6,44.4
2026-04-16T22:22:53.635295,27.3,35.7,58.2,18.7
2026-04-16T22:22:54.637441,30.4,25.5,72.7,22.8
2026-04-16T22:22:55.640671,18.2,46.9,33.0,47.5
2026-04-16T22:22:56.643617,19.0,43.4,21.0,63.3
2026-04-16T22:22:57.648138,59.8,66.3,61.4,68.0
2026-04-16T22:22:58.650805,29.9,27.3,22.7,34.3
2026-04-16T22:22:59.653046,16.0,14.0,10.9,25.0
2026-04-16T22:23:00.656877,18.6,61.8,23.5,43.1
2026-04-16T22:23:01.660155,16.5,43.0,44.3,39.4
2026-04-16T22:23:02.662420,21.6,53.0,38.8,39.6
2026-04-16T22:23:03.665784,23.0,37.4,63.6,22.2
2026-04-16T22:23:04.667978,17.3,69.3,38.9,19.0
2026-04-16T22:23:05.670367,44.3,57.1,70.7,43.4
2026-04-16T22:23:06.672110,50.5,46.6,44.0,69.6
2026-04-16T22:23:07.693402,0.0,0.0,0.0,7.9
2026-04-16T22:23:08.716866,78.2,17.3,14.6,27.3
2026-04-16T22:23:09.723095,75.5,19.2,32.3,18.0
2026-04-16T22:23:10.726426,59.0,16.5,46.4,19.0
2026-04-16T22:23:11.728098,20.2,84.2,18.8,22.4
2026-04-16T22:23:12.732032,19.8,50.0,62.9,21.6
2026-04-16T22:23:13.736019,55.6,34.7,66.3,33.7
2026-04-16T22:23:14.738517,60.0,57.8,61.8,53.0
2026-04-16T22:23:15.740043,18.0,16.0,10.9,12.0
2026-04-16T22:23:16.741740,34.7,45.5,15.0,16.2
2026-04-16T22:23:17.745684,31.3,46.0,19.0,49.5
2026-04-16T22:23:18.747638,28.0,35.1,36.0,47.5
2026-04-16T22:23:19.748824,63.3,40.2,20.8,23.2
2026-04-16T22:23:20.751985,17.5,22.2,25.0,81.8
2026-04-16T22:23:21.753923,33.0,45.5,46.1,26.0
2026-04-16T22:23:22.756464,58.8,71.0,58.8,56.9
2026-04-16T22:23:23.761497,33.7,30.3,37.4,35.7
2026-04-16T22:23:24.762979,8.2,27.3,6.1,6.1
2026-04-16T22:23:25.766499,84.8,19.8,27.7,18.0
2026-04-16T22:23:26.769393,18.2,17.2,68.0,42.0
2026-04-16T22:23:27.771740,19.2,43.0,67.3,18.0
2026-04-16T22:23:28.776062,16.3,29.9,76.5,18.6
2026-04-16T22:23:29.778740,32.3,43.9,23.2,47.0
2026-04-16T22:23:30.780870,82.5,42.7,44.0,42.0
2026-04-16T22:23:31.783039,57.3,48.5,55.3,56.1
2026-04-16T22:23:32.785498,2.0,4.0,2.0,2.0
2026-04-16T22:23:33.786600,46.5,34.3,18.0,41.4
2026-04-16T22:23:34.788774,16.7,61.5,24.5,38.0
2026-04-16T22:23:35.791828,59.4,22.1,53.0,22.9
2026-04-16T22:23:36.813901,69.2,31.1,27.5,20.0
2026-04-16T22:23:37.840139,18.0,50.5,35.4,38.4
2026-04-16T22:23:38.862758,25.5,55.2,56.4,24.5
2026-04-16T22:23:39.865655,55.1,59.6,63.6,63.0
2026-04-16T22:23:40.867184,10.4,17.0,20.0,20.4
2026-04-16T22:23:41.868775,15.3,30.3,15.5,29.0
2026-04-16T22:23:42.870600,78.8,17.7,24.5,18.6
2026-04-16T22:23:43.872230,20.8,79.6,18.2,32.0
2026-04-16T22:23:44.875115,18.4,84.8,24.0,16.3
2026-04-16T22:23:45.877410,44.4,44.8,36.4,20.2
2026-04-16T22:23:46.879926,20.4,20.2,60.6,45.4
2026-04-16T22:23:47.881250,55.6,53.5,51.5,77.0
2026-04-16T22:23:48.882392,36.6,40.2,34.0,39.2
2026-04-16T22:23:49.884428,9.1,6.0,6.1,21.0
2026-04-16T22:23:50.886320,87.8,15.6,17.3,20.6
2026-04-16T22:23:51.889411,38.5,17.3,19.8,66.3
2026-04-16T22:23:52.892305,38.0,32.7,24.3,56.4
2026-04-16T22:23:53.894261,23.7,25.8,75.5,16.5
2026-04-16T22:23:54.895739,36.1,30.0,39.6,41.8
2026-04-16T22:23:55.899449,41.3,80.6,43.8,51.5
2026-04-16T22:23:56.901471,56.9,53.8,56.0,54.5
2026-04-16T22:23:57.903247,6.9,5.0,6.0,5.9
2026-04-16T22:23:58.905069,34.3,56.0,17.0,22.7
2026-04-16T22:23:59.907376,23.8,41.0,20.6,67.7
2026-04-16T22:24:00.909109,30.1,33.3,20.8,64.6
2026-04-16T22:24:01.911007,20.2,63.0,19.2,45.1
2026-04-16T22:24:02.923186,49.5,38.0,34.3,22.8
2026-04-16T22:24:03.946028,51.5,37.0,47.5,23.2
2026-04-16T22:24:04.952201,60.4,57.0,64.9,62.9
2026-04-16T22:24:05.953333,18.0,16.2,26.3,20.4
2026-04-16T22:24:06.954707,18.8,12.9,33.0,27.5
2026-04-16T22:24:07.958406,19.2,49.0,61.8,21.6
2026-04-16T22:24:08.961754,72.7,26.7,30.7,19.8
2026-04-16T22:24:09.964401,64.4,16.3,46.4,17.2
2026-04-16T22:24:10.966635,77.7,16.5,30.9,15.5
2026-04-16T22:24:11.970179,67.3,22.0,38.4,18.2
2026-04-16T22:24:12.973041,72.1,59.4,57.7,49.5
2026-04-16T22:24:13.974819,34.3,37.2,40.4,47.1
2026-04-16T22:24:14.979990,4.0,19.8,5.0,2.0
2026-04-16T22:24:15.982004,23.5,42.9,25.7,57.1
2026-04-16T22:24:16.984197,49.0,29.3,20.8,53.0
2026-04-16T22:24:17.986909,29.8,33.7,19.2,62.0
2026-04-16T22:24:18.988972,18.8,38.4,39.2,48.5
2026-04-16T22:24:19.990185,19.0,39.0,24.2,64.3
2026-04-16T22:24:20.992087,40.6,44.6,83.0,44.1
2026-04-16T22:24:21.995064,56.4,51.9,51.0,57.1
2026-04-16T22:24:22.996216,5.1,5.9,5.0,7.8
2026-04-16T22:24:23.997839,15.3,55.6,40.6,16.3
2026-04-16T22:24:24.999834,32.4,19.8,80.4,18.8
2026-04-16T22:24:26.001857,18.2,72.0,38.0,16.5
2026-04-16T22:24:27.023736,19.2,38.4,37.9,45.5
2026-04-16T22:24:28.070732,46.9,38.6,24.5,30.6
2026-04-16T22:24:29.092515,36.0,25.3,61.2,45.0
2026-04-16T22:24:30.094428,58.1,53.2,77.0,53.7
2026-04-16T22:24:31.095940,25.7,20.6,14.9,14.0
2026-04-16T22:24:32.097410,14.0,36.6,31.6,13.9
2026-04-16T22:24:33.102823,57.6,27.0,43.4,19.6
2026-04-16T22:24:34.105383,20.8,65.3,44.0,22.5
2026-04-16T22:24:35.107792,26.0,19.0,41.2,60.6
2026-04-16T22:24:36.110934,28.3,18.8,72.4,29.0
2026-04-16T22:24:37.112885,56.0,50.5,15.3,23.0
2026-04-16T22:24:38.115475,83.8,53.5,49.0,46.4
2026-04-16T22:24:39.116684,33.0,51.5,41.8,33.7
2026-04-16T22:24:40.118832,3.0,4.0,4.0,22.8
2026-04-16T22:24:41.122175,22.8,19.4,39.6,69.7
2026-04-16T22:24:42.124065,25.3,51.0,55.7,19.8
2026-04-16T22:24:43.125936,26.5,42.0,32.3,46.6
2026-04-16T22:24:44.128436,38.4,43.9,42.3,20.0
2026-04-16T22:24:45.130220,73.5,34.7,17.5,14.6
2026-04-16T22:24:46.134313,61.2,61.0,45.6,40.2
2026-04-16T22:24:47.136008,47.9,48.0,55.1,60.6
2026-04-16T22:24:48.137233,6.9,6.9,8.0,8.9
2026-04-16T22:24:49.139712,16.5,38.8,52.5,17.0
2026-04-16T22:24:50.141298,39.4,31.6,52.0,16.7
2026-04-16T22:24:51.143409,42.0,21.8,38.4,44.9
2026-04-16T22:24:52.146063,21.4,57.4,52.0,20.8
2026-04-16T22:24:53.149497,18.6,61.8,37.5,25.3
2026-04-16T22:24:54.152680,15.5,22.7,43.4,57.4
2026-04-16T22:24:55.154596,66.7,63.9,66.7,60.6
2026-04-16T22:24:56.156516,17.3,24.0,21.9,35.0
2026-04-16T22:24:57.157910,11.8,10.9,11.8,42.9
2026-04-16T22:24:58.160402,18.2,69.7,39.0,18.4
2026-04-16T22:24:59.162991,46.0,34.0,33.0,37.4
2026-04-16T22:25:00.165507,54.6,54.5,19.8,19.0
2026-04-16T22:25:01.167785,28.4,21.6,81.8,18.2
2026-04-16T22:25:02.169597,16.5,70.7,18.2,39.0
2026-04-16T22:25:03.171444,54.1,51.0,43.0,74.0
2026-04-16T22:25:04.174742,56.0,56.9,44.0,43.3
2026-04-16T22:25:05.196068,0.0,9.9,0.0,0.0
2026-04-16T22:25:06.214491,51.0,53.9,20.2,19.0
2026-04-16T22:25:07.215889,23.8,78.0,29.0,20.0
2026-04-16T22:25:08.218392,49.0,45.0,33.3,18.2
2026-04-16T22:25:09.222151,17.3,37.8,71.4,19.0
2026-04-16T22:25:10.224018,28.7,52.4,52.5,23.1
2026-04-16T22:25:11.226911,32.3,88.5,37.4,33.7
2026-04-16T22:25:12.229153,60.6,49.5,60.6,54.6
2026-04-16T22:25:13.230295,13.9,8.9,9.9,16.0
2026-04-16T22:25:14.232561,29.2,27.3,20.4,35.6
2026-04-16T22:25:15.236581,16.5,56.7,47.5,22.8
2026-04-16T22:25:16.238551,24.5,40.0,33.0,48.5
2026-04-16T22:25:17.241487,28.3,24.8,77.8,20.6
2026-04-16T22:25:18.243216,61.4,43.4,20.4,16.5
2026-04-16T22:25:19.246485,66.7,43.4,18.2,17.2
2026-04-16T22:25:20.249053,70.7,56.6,62.4,60.2
2026-04-16T22:25:21.251913,35.7,27.8,28.3,27.5
2026-04-16T22:25:22.253528,19.6,9.1,22.2,7.1
2026-04-16T22:25:23.255613,49.5,25.3,39.8,28.6
2026-04-16T22:25:24.257471,34.3,18.2,55.7,36.6
2026-04-16T22:25:25.260237,41.6,39.2,44.8,20.2
2026-04-16T22:25:26.262429,30.0,31.6,54.5,32.0
2026-04-16T22:25:27.264807,36.7,34.3,29.9,43.9
2026-04-16T22:25:28.267475,44.9,65.6,54.9,45.9
2026-04-16T22:25:29.269260,45.9,42.3,61.1,54.5
2026-04-16T22:25:30.290534,1.0,0.0,4.0,0.0
2026-04-16T22:25:31.327053,82.0,18.4,30.1,19.4
2026-04-16T22:25:32.343994,28.7,52.0,40.6,26.5
2026-04-16T22:25:33.348431,49.0,40.8,41.8,20.6
2026-04-16T22:25:34.350721,37.6,46.1,23.1,48.5
2026-04-16T22:25:35.353860,59.2,46.9,19.4,20.4
2026-04-16T22:25:36.356678,50.5,33.7,35.4,66.7
2026-04-16T22:25:37.362914,71.6,55.9,52.5,52.5
2026-04-16T22:25:38.364058,18.4,11.8,10.0,11.8
2026-04-16T22:25:39.367811,37.9,16.8,23.2,34.7
2026-04-16T22:25:40.369153,16.3,48.0,53.6,23.7
2026-04-16T22:25:41.373629,19.0,70.6,37.8,17.3
2026-04-16T22:25:42.376391,19.0,45.0,60.0,25.0
2026-04-16T22:25:43.379112,74.7,26.2,31.3,19.8
2026-04-16T22:25:44.380757,54.5,17.2,46.9,26.3
2026-04-16T22:25:45.383005,56.0,58.4,61.2,75.2
2026-04-16T22:25:46.385040,28.4,28.4,34.7,42.4
2026-04-16T22:25:47.388076,8.0,18.0,24.2,7.0
2026-04-16T22:25:48.391824,41.4,16.2,67.7,18.4
2026-04-16T22:25:49.394511,27.7,49.5,48.5,21.0
2026-04-16T22:25:50.396119,47.0,44.3,35.4,17.3
2026-04-16T22:25:51.399021,21.0,35.9,31.6,60.0
2026-04-16T22:25:52.401710,18.2,69.0,19.8,39.8
2026-04-16T22:25:53.404789,46.0,41.5,63.3,56.2
2026-04-16T22:25:54.406134,64.9,46.0,44.3,56.6
2026-04-16T22:25:55.427483,0.0,4.0,0.0,0.0
2026-04-16T22:25:56.438383,27.8,38.4,56.9,12.8
2026-04-16T22:25:57.475179,17.2,65.7,17.0,44.7
2026-04-16T22:25:58.497207,35.7,36.0,53.5,15.5
2026-04-16T22:25:59.498776,23.7,39.4,54.2,26.5
2026-04-16T22:26:00.501271,41.4,69.3,19.0,22.0
2026-04-16T22:26:01.504500,32.0,32.7,32.7,89.9
2026-04-16T22:26:02.506939,56.9,54.9,64.3,58.2
2026-04-16T22:26:03.510023,18.8,13.0,10.0,11.9
2026-04-16T22:26:04.511385,33.3,17.2,45.5,15.0
2026-04-16T22:26:05.515591,39.6,27.6,60.2,18.8
2026-04-16T22:26:06.517555,52.0,18.2,33.3,43.9
2026-04-16T22:26:07.519279,19.0,53.5,54.5,19.8
2026-04-16T22:26:08.521288,21.2,63.0,43.9,18.2
2026-04-16T22:26:09.522471,18.0,20.0,87.0,24.0
2026-04-16T22:26:10.524576,66.0,66.7,58.3,52.0
2026-04-16T22:26:11.525785,30.0,26.0,23.2,48.0
2026-04-16T22:26:12.526932,18.2,9.1,8.0,22.2
2026-04-16T22:26:13.530395,45.5,29.2,50.0,17.3
2026-04-16T22:26:14.532635,72.0,25.5,19.0,30.0
2026-04-16T22:26:15.534490,30.3,50.5,22.4,40.8
2026-04-16T22:26:16.537122,38.8,47.1,40.0,24.8
2026-04-16T22:26:17.540031,17.5,69.4,34.0,23.0
2026-04-16T22:26:18.542960,42.6,76.8,52.5,47.0
2026-04-16T22:26:19.544379,44.2,43.3,49.5,62.4
2026-04-16T22:26:20.552799,0.0,0.0,0.0,5.0
2026-04-16T22:26:21.574111,56.6,21.0,17.3,48.5
2026-04-16T22:26:22.610730,49.0,17.8,60.0,17.2
2026-04-16T22:26:23.623146,18.2,19.2,92.9,17.3
2026-04-16T22:26:24.626715,38.0,24.0,68.3,20.0
2026-04-16T22:26:25.628921,21.0,54.0,34.7,40.8
2026-04-16T22:26:26.631900,69.8,35.0,33.0,53.0
2026-04-16T22:26:27.639334,52.0,60.2,62.6,56.0
2026-04-16T22:26:28.641137,14.0,16.2,9.1,10.0
2026-04-16T22:26:29.642941,26.0,30.7,43.1,15.8
2026-04-16T22:26:30.644737,90.7,18.8,19.6,19.0
2026-04-16T22:26:31.646626,85.6,27.9,18.8,20.6
2026-04-16T22:26:32.652571,58.1,25.5,41.4,16.3
2026-04-16T22:26:33.655798,16.3,66.0,35.7,25.0
2026-04-16T22:26:34.657499,22.4,47.1,61.2,18.8
2026-04-16T22:26:35.660237,62.0,56.7,81.6,54.0
2026-04-16T22:26:36.662146,27.1,25.0,24.5,34.7
2026-04-16T22:26:37.663443,26.0,8.0,7.1,23.5
2026-04-16T22:26:38.664972,19.8,28.3,48.0,51.5
2026-04-16T22:26:39.666817,39.4,47.1,42.1,19.8
2026-04-16T22:26:40.668971,49.5,55.7,19.4,21.0
2026-04-16T22:26:41.674582,41.7,42.4,36.0,21.1
2026-04-16T22:26:42.676386,36.7,53.5,35.8,27.5
2026-04-16T22:26:43.679522,63.6,45.4,63.0,47.0
2026-04-16T22:26:44.681615,46.9,49.5,44.3,62.4
2026-04-16T22:26:45.702917,0.0,8.8,1.0,0.0
2026-04-16T22:26:46.739480,18.2,24.2,81.4,17.0
2026-04-16T22:26:47.747609,36.6,27.0,67.7,19.0
2026-04-16T22:26:48.750526,18.4,25.3,22.0,82.4
2026-04-16T22:26:49.755721,19.0,85.1,25.3,22.2
2026-04-16T22:26:50.757636,16.7,38.4,54.2,35.4
2026-04-16T22:26:51.760584,79.8,32.0,31.6,42.9
2026-04-16T22:26:52.762074,66.3,50.0,50.0,59.6
2026-04-16T22:26:53.764881,5.1,11.2,10.0,11.2
2026-04-16T22:26:54.767145,13.4,69.6,16.3,15.0
2026-04-16T22:26:55.770824,20.4,67.0,20.8,40.0
2026-04-16T22:26:56.773061,69.0,28.0,21.0,30.6
2026-04-16T22:26:57.776302,24.5,37.0,36.1,45.4
2026-04-16T22:26:58.779958,41.7,47.5,34.0,15.5
2026-04-16T22:26:59.781607,40.4,28.6,27.3,48.5
2026-04-16T22:27:00.784741,67.0,62.4,68.3,58.4
2026-04-16T22:27:01.789212,21.0,21.0,47.1,22.8
2026-04-16T22:27:02.790882,15.2,10.0,9.9,31.7
2026-04-16T22:27:03.793032,51.0,37.5,43.0,18.4
2026-04-16T22:27:04.795806,24.0,39.8,58.0,26.0
2026-04-16T22:27:05.799827,16.5,32.0,13.8,74.3
2026-04-16T22:27:06.801057,17.7,35.6,24.2,62.6
2026-04-16T22:27:07.802551,22.2,39.4,68.4,18.2
2026-04-16T22:27:08.805995,59.8,44.2,51.6,53.6
2026-04-16T22:27:09.807186,48.5,59.0,55.4,54.5
2026-04-16T22:27:10.816780,0.0,0.0,3.9,0.0
2026-04-16T22:27:11.822892,17.8,23.0,86.7,18.8
2026-04-16T22:27:12.859504,22.5,79.8,21.2,27.9
2026-04-16T22:27:13.876717,19.6,63.0,41.0,16.5
2026-04-16T22:27:14.879890,27.7,19.0,64.6,38.8
2026-04-16T22:27:15.881309,18.4,23.5,86.1,18.6
2026-04-16T22:27:16.886226,35.4,77.2,45.9,35.3
2026-04-16T22:27:17.891680,53.8,56.8,61.6,54.0
2026-04-16T22:27:18.893656,13.0,12.0,7.1,14.0
2026-04-16T22:27:19.895048,51.0,18.2,30.4,14.0
2026-04-16T22:27:20.898018,20.0,39.6,70.7,18.2
2026-04-16T22:27:21.900629,28.3,73.0,30.0,18.8
2026-04-16T22:27:22.902691,40.6,52.6,17.2,34.3
2026-04-16T22:27:23.905678,74.0,21.6,35.4,19.8
2026-04-16T22:27:24.908045,16.3,41.0,33.0,50.5
2026-04-16T22:27:25.911119,72.0,61.0,67.0,56.0
2026-04-16T22:27:26.912946,33.0,26.5,34.0,34.3
2026-04-16T22:27:27.914680,17.0,8.0,27.0,9.2
2026-04-16T22:27:28.916612,90.1,15.6,15.6,16.5
2026-04-16T22:27:29.919500,87.6,18.8,23.5,22.0
2026-04-16T22:27:30.922417,45.5,63.0,19.6,16.5
2026-04-16T22:27:31.924828,24.7,71.9,17.3,32.0
2026-04-16T22:27:32.927646,19.8,22.0,61.9,44.0
2026-04-16T22:27:33.932389,40.2,45.9,54.1,74.5
2026-04-16T22:27:34.934223,44.6,57.3,60.2,46.1
2026-04-16T22:27:35.950452,0.0,5.9,0.0,0.0
2026-04-16T22:27:36.986991,20.2,32.3,17.8,73.3
2026-04-16T22:27:38.019378,40.4,52.4,17.8,37.6
2026-04-16T22:27:39.024156,71.1,22.8,34.3,22.5
2026-04-16T22:27:40.026251,26.5,61.0,40.0,16.7
2026-04-16T22:27:41.029933,38.9,43.0,25.3,36.1
2026-04-16T22:27:42.032510,42.4,57.4,57.6,37.8
2026-04-16T22:27:43.033846,59.6,59.8,62.5,52.8
2026-04-16T22:27:44.035168,23.2,10.8,10.0,10.0
2026-04-16T22:27:45.038425,67.7,15.8,15.7,15.8
2026-04-16T22:27:46.040642,32.0,14.6,77.0,13.7
2026-04-16T22:27:47.043290,39.8,21.4,71.0,21.9
2026-04-16T22:27:48.046172,19.6,40.6,37.6,46.5
2026-04-16T22:27:49.048436,21.4,18.2,86.0,20.8
2026-04-16T22:27:50.051197,34.7,64.7,27.6,21.8
2026-04-16T22:27:51.055140,72.3,63.0,55.9,62.1
2026-04-16T22:27:52.056828,21.9,21.6,27.1,44.3
2026-04-16T22:27:53.058001,7.1,10.2,14.1,26.3
2026-04-16T22:27:54.060058,20.0,70.3,37.6,19.6
2026-04-16T22:27:55.062075,39.6,57.1,34.0,21.4
2026-04-16T22:27:56.065357,21.0,64.3,43.4,19.0
2026-04-16T22:27:57.068012,19.8,19.8,41.0,69.8
2026-04-16T22:27:58.070251,18.2,40.4,49.5,39.2
2026-04-16T22:27:59.072382,45.0,48.5,77.3,44.4
2026-04-16T22:28:00.074115,54.6,48.0,59.4,52.9
2026-04-16T22:28:01.084654,0.0,3.9,0.0,0.0
2026-04-16T22:28:02.126324,18.4,60.6,48.5,19.8
2026-04-16T22:28:03.155425,46.5,25.5,17.6,54.5
2026-04-16T22:28:04.157835,49.0,26.5,50.0,19.6
2026-04-16T22:28:05.161794,44.9,54.1,19.6,26.8
2026-04-16T22:28:06.163904,18.6,59.4,20.8,52.0
2026-04-16T22:28:07.166736,35.9,90.7,35.3,35.9
2026-04-16T22:28:08.169184,67.4,45.8,56.8,53.0
2026-04-16T22:28:09.171648,11.0,9.2,8.2,16.8
2026-04-16T22:28:10.172743,15.7,34.0,28.7,37.4
2026-04-16T22:28:11.174515,15.6,27.1,81.0,15.5
2026-04-16T22:28:12.177125,19.8,35.0,74.2,22.0
2026-04-16T22:28:13.179878,24.5,48.5,57.0,17.2
2026-04-16T22:28:14.182040,27.5,33.3,51.0,39.6
2026-04-16T22:28:15.184803,42.0,62.7,25.7,19.8
2026-04-16T22:28:16.188879,55.4,68.7,58.2,68.0
2026-04-16T22:28:17.190741,25.3,23.0,25.3,42.7
2026-04-16T22:28:18.192339,8.9,20.2,27.5,10.9
2026-04-16T22:28:19.194239,17.2,67.0,41.2,16.5
2026-04-16T22:28:20.196900,78.6,30.6,18.2,17.3
2026-04-16T22:28:21.199572,53.1,17.3,57.4,16.5
2026-04-16T22:28:22.201642,40.2,34.7,54.5,18.2
2026-04-16T22:28:23.205103,35.6,23.8,25.5,68.0
2026-04-16T22:28:24.207478,41.8,67.3,56.4,51.6
2026-04-16T22:28:25.209637,39.4,45.8,58.6,49.0
2026-04-16T22:28:26.230963,0.0,8.9,1.0,0.0
2026-04-16T22:28:27.254288,19.2,20.6,17.2,82.2
2026-04-16T22:28:28.258301,26.3,79.0,18.4,22.7
2026-04-16T22:28:29.260886,33.3,47.0,52.0,20.4
2026-04-16T22:28:30.264074,20.0,44.6,20.8,61.5
2026-04-16T22:28:31.267642,23.1,67.3,46.6,24.0
2026-04-16T22:28:32.271733,55.0,50.5,47.0,41.0
2026-04-16T22:28:33.274121,67.7,51.5,59.0,51.5
2026-04-16T22:28:34.275410,17.8,12.9,9.9,10.7
2026-04-16T22:28:35.277529,36.4,49.0,13.3,14.1
2026-04-16T22:28:36.280399,31.7,78.8,21.4,19.6
2026-04-16T22:28:37.282070,49.0,23.0,55.0,18.0
2026-04-16T22:28:38.285990,19.4,42.2,63.8,18.2
2026-04-16T22:28:39.289012,34.0,16.3,62.4,32.0
2026-04-16T22:28:40.291344,17.3,47.4,46.0,36.3
2026-04-16T22:28:41.295270,65.7,59.2,58.8,65.0
2026-04-16T22:28:42.297891,25.7,44.1,27.7,25.0
2026-04-16T22:28:43.299324,11.0,34.7,9.9,8.0
2026-04-16T22:28:44.303490,23.3,47.5,46.5,32.7
2026-04-16T22:28:45.304726,50.5,19.0,22.4,54.5
2026-04-16T22:28:46.308292,24.5,23.5,69.7,33.3
2026-04-16T22:28:47.310243,60.6,23.0,35.4,30.0
2026-04-16T22:28:48.312455,20.2,17.3,40.4,67.0
2026-04-16T22:28:49.316196,48.5,55.4,55.1,59.8
2026-04-16T22:28:50.318482,57.6,55.0,51.5,52.5
2026-04-16T22:28:51.322181,0.0,3.0,0.0,0.0
2026-04-16T22:28:52.358732,30.4,51.9,22.8,44.7
2026-04-16T22:28:53.384887,37.9,20.8,21.0,72.3
2026-04-16T22:28:54.387509,87.8,20.6,14.7,18.6
2026-04-16T22:28:55.390293,39.6,21.6,20.6,71.6
2026-04-16T22:28:56.393064,29.3,64.1,36.4,22.0
2026-04-16T22:28:57.396511,34.7,91.9,35.3,35.9
2026-04-16T22:28:58.399327,63.2,57.5,52.5,56.6
2026-04-16T22:28:59.400855,17.0,10.8,9.8,16.0
2026-04-16T22:29:00.402227,25.2,37.1,19.8,32.7
2026-04-16T22:29:01.404882,43.1,64.3,17.2,22.2
2026-04-16T22:29:02.407106,17.3,81.8,19.0,27.6
2026-04-16T22:29:03.409634,19.0,63.1,22.8,44.9
2026-04-16T22:29:04.412413,19.8,88.8,24.3,21.4
2026-04-16T22:29:05.416356,18.8,33.3,76.3,20.6
2026-04-16T22:29:06.418294,55.2,59.6,65.6,68.4
2026-04-16T22:29:07.420429,48.0,25.3,24.5,24.8
2026-04-16T22:29:08.422236,23.8,20.0,8.1,10.9
2026-04-16T22:29:09.425093,32.0,45.8,17.2,52.5
2026-04-16T22:29:10.428456,33.7,77.0,20.2,18.2
2026-04-16T22:29:11.431732,31.6,51.0,25.0,37.1
2026-04-16T22:29:12.433792,91.9,18.2,18.2,19.2
2026-04-16T22:29:13.435869,23.7,22.9,64.3,30.6
2026-04-16T22:29:14.438108,50.0,54.0,67.0,48.5
2026-04-16T22:29:15.440050,64.0,45.9,44.3,51.5
2026-04-16T22:29:16.461360,5.9,0.0,0.0,0.0
2026-04-16T22:29:17.495568,63.6,44.1,17.0,17.8
2026-04-16T22:29:18.498829,45.9,40.8,38.4,17.3
2026-04-16T22:29:19.501199,36.6,37.6,56.3,24.8
2026-04-16T22:29:20.503776,51.5,29.9,32.0,31.0
2026-04-16T22:29:21.506355,21.4,47.6,53.4,33.0
2026-04-16T22:29:22.508158,33.3,54.1,70.3,33.0
2026-04-16T22:29:23.515332,62.7,60.0,51.9,65.7
2026-04-16T22:29:24.516485,10.1,9.0,17.0,17.5
2026-04-16T22:29:25.520008,33.0,28.2,37.6,16.7
2026-04-16T22:29:26.521397,22.1,19.8,66.3,44.6
2026-04-16T22:29:27.522984,17.3,41.8,55.4,31.3
2026-04-16T22:29:28.525239,57.0,16.7,14.6,52.0
2026-04-16T22:29:29.527047,61.2,18.6,44.0,19.6
2026-04-16T22:29:30.530000,91.8,15.8,18.0,16.3
2026-04-16T22:29:31.532599,64.7,62.9,65.7,57.3
2026-04-16T22:29:32.535875,34.0,35.0,25.3,34.7
2026-04-16T22:29:33.537702,8.8,22.0,9.9,20.0
2026-04-16T22:29:34.539887,18.2,28.0,18.8,81.8
2026-04-16T22:29:35.541263,42.3,44.9,36.1,21.2
2026-04-16T22:29:36.545628,25.0,27.0,21.8,74.0
2026-04-16T22:29:37.547786,27.3,49.0,19.2,49.5
2026-04-16T22:29:38.551235,35.7,30.2,56.2,17.9
2026-04-16T22:29:39.553054,64.6,52.4,51.5,45.0
2026-04-16T22:29:40.554240,63.0,46.9,52.1,48.5
2026-04-16T22:29:41.579014,2.0,0.0,1.0,1.0
2026-04-16T22:29:42.596826,62.0,15.6,44.3,16.3
2026-04-16T22:29:43.623261,30.7,75.2,22.5,17.6
2026-04-16T22:29:44.646766,19.4,72.7,23.8,34.6
2026-04-16T22:29:45.649316,31.0,24.0,19.8,75.8
2026-04-16T22:29:46.653893,60.0,49.0,18.4,21.2
2026-04-16T22:29:47.659096,70.3,45.3,33.0,32.6
2026-04-16T22:29:48.660600,60.2,60.4,56.0,58.4
2026-04-16T22:29:49.662390,10.9,13.4,14.0,12.1
2026-04-16T22:29:50.664586,29.6,34.3,12.4,29.3
2026-04-16T22:29:51.666765,27.0,43.6,35.9,43.6
2026-04-16T22:29:52.668593,51.5,29.3,47.5,17.2
2026-04-16T22:29:53.671210,19.8,20.6,91.7,20.6
2026-04-16T22:29:54.673629,17.2,32.0,75.2,16.5
2026-04-16T22:29:55.676127,20.4,85.7,20.4,18.0
2026-04-16T22:29:56.678726,55.3,66.7,68.0,52.6
2026-04-16T22:29:57.683134,29.6,28.6,33.7,23.5
2026-04-16T22:29:58.685220,23.0,7.1,22.2,8.0
2026-04-16T22:29:59.687064,32.0,21.8,41.4,54.0
2026-04-16T22:30:00.689358,35.7,65.0,25.5,19.0
2026-04-16T22:30:01.690976,56.0,49.5,17.5,21.4
2026-04-16T22:30:02.694139,25.5,87.5,21.9,21.2
2026-04-16T22:30:03.696346,38.8,27.5,52.5,27.8
2026-04-16T22:30:04.699589,59.4,46.9,62.2,43.3
2026-04-16T22:30:05.701743,56.0,52.6,41.2,53.5
2026-04-16T22:30:06.717970,0.0,6.9,0.0,0.0
2026-04-16T22:30:07.759579,19.2,57.6,28.6,32.3
2026-04-16T22:30:08.781163,19.8,25.3,17.3,85.1
2026-04-16T22:30:09.783595,20.2,44.9,32.3,51.5
2026-04-16T22:30:10.787010,49.5,49.0,34.0,20.0
2026-04-16T22:30:11.789032,23.8,70.0,38.0,19.2
2026-04-16T22:30:12.791801,33.3,41.4,39.8,78.8
2026-04-16T22:30:13.795982,57.0,58.0,48.5,65.0
2026-04-16T22:30:14.798074,6.1,13.1,6.2,14.7
2026-04-16T22:30:15.799217,16.0,59.2,24.8,17.8
2026-04-16T22:30:16.801604,31.3,17.7,44.7,43.4
2026-04-16T22:30:17.803522,35.4,44.9,35.0,28.0
2026-04-16T22:30:18.806166,61.5,18.8,27.5,42.0
2026-04-16T22:30:19.807912,20.4,60.8,45.3,19.8
2026-04-16T22:30:20.809917,19.0,45.5,36.4,46.0
2026-04-16T22:30:21.812220,62.9,58.6,74.0,61.9
2026-04-16T22:30:22.815530,24.0,23.8,38.4,29.4
2026-04-16T22:30:23.816729,23.3,18.8,12.1,7.1
2026-04-16T22:30:24.818265,30.0,27.7,69.7,20.8
2026-04-16T22:30:25.820430,36.7,37.4,50.0,21.8
2026-04-16T22:30:26.822365,19.8,21.8,89.9,20.6
2026-04-16T22:30:27.825098,42.6,17.2,28.9,55.3
2026-04-16T22:30:28.827009,30.7,60.0,36.6,28.8
2026-04-16T22:30:29.829278,50.5,40.6,60.0,62.1
2026-04-16T22:30:30.830552,64.6,46.1,47.5,49.0
2026-04-16T22:30:31.854971,0.0,7.9,0.0,0.0
2026-04-16T22:30:32.893542,19.4,21.2,63.7,47.5
2026-04-16T22:30:33.896957,20.2,18.6,87.0,21.6
2026-04-16T22:30:34.899454,40.2,19.0,70.4,20.0
2026-04-16T22:30:35.902057,24.0,22.2,45.5,58.9
2026-04-16T22:30:36.903893,43.4,17.5,38.4,45.9
2026-04-16T22:30:37.906037,71.0,34.3,35.0,58.6
2026-04-16T22:30:38.907848,63.0,56.7,48.5,55.6
2026-04-16T22:30:39.909589,14.6,10.8,8.0,8.2
2026-04-16T22:30:40.910749,55.0,16.8,16.8,34.7
2026-04-16T22:30:41.912500,45.9,19.8,62.0,19.0
2026-04-16T22:30:42.914642,29.6,33.3,50.0,34.7
2026-04-16T22:30:43.916780,32.3,47.5,49.0,16.3
2026-04-16T22:30:44.919094,47.1,30.7,53.2,20.4
2026-04-16T22:30:45.921027,31.0,77.6,20.4,20.0
2026-04-16T22:30:46.923985,66.0,69.8,60.4,57.6
2026-04-16T22:30:47.925441,27.0,20.4,24.2,37.8
2026-04-16T22:30:48.926595,21.6,19.2,10.2,10.2
2026-04-16T22:30:49.928396,18.2,51.0,60.6,18.2
2026-04-16T22:30:50.930424,33.3,49.0,25.0,40.0
2026-04-16T22:30:51.932454,15.5,42.6,22.4,63.3
2026-04-16T22:30:52.935302,56.0,42.9,18.8,29.3
2026-04-16T22:30:53.937652,22.3,59.0,46.5,25.3
2026-04-16T22:30:54.939486,44.6,54.9,66.0,55.2
2026-04-16T22:30:55.941776,49.5,46.9,40.0,58.2
2026-04-16T22:30:56.958026,0.0,0.0,0.0,9.9
2026-04-16T22:30:57.989384,28.4,15.3,16.8,81.2
2026-04-16T22:30:58.992493,55.7,21.8,30.0,40.6
2026-04-16T22:30:59.994193,55.6,18.6,23.0,51.5
2026-04-16T22:31:00.996191,58.0,20.2,50.5,19.2
2026-04-16T22:31:01.997751,20.8,42.6,22.2,68.7
2026-04-16T22:31:03.002420,32.0,45.5,52.0,65.0
2026-04-16T22:31:04.004602,56.6,60.2,56.7,54.1
2026-04-16T22:31:05.005750,16.2,6.2,7.1,9.1
2026-04-16T22:31:06.007709,29.6,52.5,16.0,15.2
2026-04-16T22:31:07.009816,40.6,41.0,48.0,21.4
2026-04-16T22:31:08.013655,17.2,52.0,57.0,19.2
2026-04-16T22:31:09.015562,62.9,20.2,20.6,37.4
2026-04-16T22:31:10.018676,89.1,15.6,16.5,14.7
2026-04-16T22:31:11.020872,22.4,65.0,39.6,16.3
2026-04-16T22:31:12.023632,58.4,70.1,58.6,64.1
2026-04-16T22:31:13.025307,28.3,25.0,45.5,28.0
2026-04-16T22:31:14.026785,7.1,12.0,26.3,11.0
2026-04-16T22:31:15.028833,16.3,84.2,23.2,22.0
2026-04-16T22:31:16.032284,20.2,34.3,52.6,39.4
2026-04-16T22:31:17.035876,24.3,28.2,65.3,34.7
2026-04-16T22:31:18.037499,49.5,22.0,54.2,18.2
2026-04-16T22:31:19.039931,26.0,39.8,61.6,21.0
2026-04-16T22:31:20.043142,47.1,69.6,57.1,51.0
2026-04-16T22:31:21.046444,53.0,52.0,53.1,59.6
2026-04-16T22:31:22.047421,0.0,0.0,0.0,0.0
2026-04-16T22:31:23.058980,14.6,15.3,33.3,73.8
2026-04-16T22:31:24.095786,15.3,57.7,41.2,28.3
2026-04-16T22:31:25.120129,16.2,26.7,35.6,67.7
2026-04-16T22:31:26.123857,18.4,70.4,38.2,20.8
2026-04-16T22:31:27.126053,24.5,66.0,42.0,19.8
2026-04-16T22:31:28.132011,56.0,47.0,36.0,49.5
2026-04-16T22:31:29.133875,66.7,50.5,54.2,60.0
2026-04-16T22:31:30.135251,22.4,11.8,10.0,10.9
2026-04-16T22:31:31.136363,28.6,16.3,21.4,39.0
2026-04-16T22:31:32.137652,19.8,75.5,25.5,28.3
2026-04-16T22:31:33.139271,21.8,82.3,19.8,26.5
2026-04-16T22:31:34.140732,27.8,49.5,21.8,48.1
2026-04-16T22:31:35.143250,69.0,30.4,31.7,19.8
2026-04-16T22:31:36.145111,39.0,24.5,32.0,55.3
2026-04-16T22:31:37.148168,66.3,63.6,61.5,54.5
2026-04-16T22:31:38.151019,24.0,26.0,26.5,48.5
2026-04-16T22:31:39.152564,5.2,10.2,12.1,24.5
2026-04-16T22:31:40.154469,20.4,66.0,42.9,21.8
2026-04-16T22:31:41.156573,17.3,51.0,37.8,41.2
2026-04-16T22:31:42.158375,34.3,75.5,17.3,16.5
2026-04-16T22:31:43.160792,23.7,40.6,22.0,61.6
2026-04-16T22:31:44.163151,37.4,50.0,41.8,18.2
2026-04-16T22:31:45.165295,52.5,77.0,44.6,42.6
2026-04-16T22:31:46.167697,50.5,55.4,45.5,66.3
2026-04-16T22:31:47.169100,0.0,0.0,0.0,0.0
2026-04-16T22:31:48.177823,16.3,75.0,16.2,34.0
2026-04-16T22:31:49.229794,30.1,43.1,46.2,26.7
2026-04-16T22:31:50.264679,30.4,60.4,32.3,19.0
2026-04-16T22:31:51.270158,21.0,52.0,56.1,20.6
2026-04-16T22:31:52.272214,72.7,22.9,38.6,22.3
2026-04-16T22:31:53.276662,33.0,69.0,57.0,33.0
2026-04-16T22:31:54.281276,55.7,61.6,52.0,57.1
2026-04-16T22:31:55.283098,7.1,11.9,12.5,15.0
2026-04-16T22:31:56.285672,16.8,26.0,31.7,39.4
2026-04-16T22:31:57.289062,21.0,37.9,65.0,21.6
2026-04-16T22:31:58.292540,43.1,61.9,23.2,19.0
2026-04-16T22:31:59.294924,22.1,21.6,92.7,20.4
2026-04-16T22:32:00.297790,18.2,56.3,41.0,30.3
2026-04-16T22:32:01.299684,59.2,39.4,26.8,16.5
2026-04-16T22:32:02.303587,69.0,60.4,66.3,57.8
2026-04-16T22:32:03.305399,29.7,27.3,32.3,33.0
2026-04-16T22:32:04.307214,8.9,26.5,20.0,8.0
2026-04-16T22:32:05.309508,16.2,42.0,65.6,20.8
2026-04-16T22:32:06.311958,23.8,36.3,53.0,39.0
2026-04-16T22:32:07.313314,35.4,73.5,19.8,20.8
2026-04-16T22:32:08.314882,27.6,53.1,44.0,23.2
2026-04-16T22:32:09.317295,21.4,49.5,28.0,53.5
2026-04-16T22:32:10.319033,45.2,77.1,38.7,47.0
2026-04-16T22:32:11.324652,58.9,42.7,46.9,49.5
2026-04-16T22:32:12.345932,6.9,0.0,0.0,0.0
2026-04-16T22:32:13.387508,24.3,18.8,19.0,83.8
2026-04-16T22:32:14.395674,22.8,65.7,39.4,25.5
2026-04-16T22:32:15.400277,30.9,22.9,54.2,36.1
2026-04-16T22:32:16.403945,20.0,60.0,50.5,22.0
2026-04-16T22:32:17.405997,56.2,19.2,21.2,51.5
2026-04-16T22:32:18.407420,53.5,34.3,70.8,36.6
2026-04-16T22:32:19.409663,50.5,50.0,52.0,76.5
2026-04-16T22:32:20.411569,6.1,7.1,7.1,19.8
2026-04-16T22:32:21.413242,16.2,14.1,45.5,37.8
2026-04-16T22:32:22.416658,40.8,21.8,57.7,29.3
2026-04-16T22:32:23.418620,25.8,40.2,59.8,17.3
2026-04-16T22:32:24.421861,16.3,25.3,84.3,18.0
2026-04-16T22:32:25.424260,36.1,45.0,17.3,45.0
2026-04-16T22:32:26.426024,42.9,38.8,46.0,16.5
2026-04-16T22:32:27.428799,67.3,63.6,63.3,54.5
2026-04-16T22:32:28.430614,30.5,22.8,24.5,38.2
2026-04-16T22:32:29.432537,39.6,9.0,9.0,8.2
2026-04-16T22:32:30.434816,59.4,16.3,37.1,29.3
2026-04-16T22:32:31.437631,71.3,29.6,18.2,26.3
2026-04-16T22:32:32.439676,22.2,44.3,44.9,34.0
2026-04-16T22:32:33.441379,16.5,32.7,19.8,72.5
2026-04-16T22:32:34.443336,21.4,32.4,73.2,19.4
2026-04-16T22:32:35.445114,48.1,44.2,69.7,60.8
2026-04-16T22:32:36.450351,59.6,45.9,46.3,48.5
2026-04-16T22:32:37.466567,0.0,0.0,0.0,5.0
2026-04-16T22:32:38.513201,13.4,28.3,13.4,79.4
2026-04-16T22:32:39.530267,19.0,22.2,75.2,32.3
2026-04-16T22:32:40.534010,19.2,40.6,68.7,22.5
2026-04-16T22:32:41.538854,42.4,37.4,51.5,19.0
2026-04-16T22:32:42.540802,18.4,17.5,91.1,17.5
2026-04-16T22:32:43.544014,74.0,48.0,42.7,35.9
2026-04-16T22:32:44.546774,55.1,63.1,54.0,51.6
2026-04-16T22:32:45.549522,9.0,11.1,10.2,10.1
2026-04-16T22:32:46.551616,15.2,70.7,15.8,17.5
2026-04-16T22:32:47.553885,55.0,56.0,18.2,17.2
2026-04-16T22:32:48.556156,54.5,30.0,22.8,41.2
2026-04-16T22:32:49.558811,46.5,17.3,26.5,53.7
2026-04-16T22:32:50.561216,68.4,37.3,21.4,24.8
2026-04-16T22:32:51.563509,45.5,63.3,21.8,20.4
2026-04-16T22:32:52.564941,62.2,68.0,61.5,58.8
2026-04-16T22:32:53.566782,27.2,32.0,27.7,38.5
2026-04-16T22:32:54.569054,8.0,26.5,21.2,8.0
2026-04-16T22:32:55.571425,22.5,73.5,32.7,21.6
2026-04-16T22:32:56.573600,17.2,82.0,21.2,26.8
2026-04-16T22:32:57.575366,28.6,30.6,62.6,26.0
2026-04-16T22:32:58.577771,28.9,17.2,59.2,34.7
2026-04-16T22:32:59.580117,16.5,42.0,17.2,70.0
2026-04-16T22:33:00.581552,43.1,72.8,53.6,47.0
2026-04-16T22:33:01.587243,62.5,45.0,41.0,55.4
2026-04-16T22:33:02.608534,0.0,0.0,0.0,8.8
2026-04-16T22:33:03.632874,38.2,45.0,40.6,21.0
2026-04-16T22:33:04.634839,26.0,43.3,60.4,19.0
2026-04-16T22:33:05.638148,20.4,52.0,43.4,23.5
2026-04-16T22:33:06.640216,20.2,71.0,42.0,20.6
2026-04-16T22:33:07.644332,36.5,15.6,44.3,47.5
2026-04-16T22:33:08.646327,51.0,37.1,41.4,61.9
2026-04-16T22:33:09.651501,51.4,63.7,52.8,70.3
2026-04-16T22:33:10.652966,8.1,18.2,9.2,8.1
2026-04-16T22:33:11.655782,16.8,36.3,47.0,15.0
2026-04-16T22:33:12.659737,46.5,43.4,33.7,22.2
2026-04-16T22:33:13.662803,21.8,59.6,41.2,18.4
2026-04-16T22:33:14.665075,68.7,36.4,20.2,19.2
2026-04-16T22:33:15.668216,56.3,43.0,31.0,20.6
2026-04-16T22:33:16.670015,18.2,25.3,60.2,43.0
2026-04-16T22:33:17.673187,55.6,51.5,76.8,58.6
2026-04-16T22:33:18.674624,29.6,31.0,42.0,35.0
2026-04-16T22:33:19.676386,7.9,10.9,7.9,29.0
2026-04-16T22:33:20.678447,18.8,18.8,67.0,44.0
2026-04-16T22:33:21.681405,18.4,18.4,55.7,51.5
2026-04-16T22:33:22.683479,20.6,19.8,28.3,81.8
2026-04-16T22:33:23.685626,62.9,20.0,25.3,39.6
2026-04-16T22:33:24.687655,37.6,20.0,16.3,72.2
2026-04-16T22:33:25.690296,84.0,42.7,39.6,40.0
2026-04-16T22:33:26.692494,48.5,44.4,51.5,69.4
2026-04-16T22:33:27.694676,0.0,0.0,0.0,0.0
2026-04-16T22:33:28.708849,17.0,38.0,35.6,53.5
2026-04-16T22:33:29.760666,81.0,25.7,17.8,17.8
2026-04-16T22:33:30.777143,62.6,42.3,23.2,19.8
2026-04-16T22:33:31.779697,28.6,37.4,21.8,62.0
2026-04-16T22:33:32.781566,57.7,47.5,19.4,21.2
2026-04-16T22:33:33.784617,87.0,34.0,31.3,33.0
2026-04-16T22:33:34.789246,59.6,59.0,55.1,57.1
2026-04-16T22:33:35.790878,13.0,12.1,9.2,9.4
2026-04-16T22:33:36.792795,50.0,15.2,14.1,31.0
2026-04-16T22:33:37.794866,71.0,38.0,20.6,20.2
2026-04-16T22:33:38.799466,33.3,19.4,73.3,18.8
2026-04-16T22:33:39.801225,43.6,21.4,54.0,25.8
2026-04-16T22:33:40.802561,37.5,71.4,18.2,15.3
2026-04-16T22:33:41.804276,29.6,46.3,18.6,49.0
2026-04-16T22:33:42.807186,65.3,62.2,56.6,59.2
2026-04-16T22:33:43.809593,27.3,36.5,29.6,35.0
2026-04-16T22:33:44.810917,7.1,18.4,23.0,7.1
2026-04-16T22:33:45.812963,25.0,30.6,48.0,39.0
2026-04-16T22:33:46.815628,43.3,34.0,42.2,31.4
2026-04-16T22:33:47.819214,31.0,70.7,19.8,27.3
2026-04-16T22:33:48.822135,81.2,26.5,21.8,20.8
2026-04-16T22:33:49.824591,36.4,21.0,54.5,34.0
2026-04-16T22:33:50.826620,42.9,61.6,48.5,63.1
2026-04-16T22:33:51.828992,59.4,55.6,54.5,45.5
2026-04-16T22:33:52.847458,0.0,2.0,0.0,0.0
2026-04-16T22:33:53.884204,18.4,47.6,38.6,44.6
2026-04-16T22:33:54.916977,16.8,40.8,42.0,42.0
2026-04-16T22:33:55.918775,87.8,16.8,18.2,18.8
2026-04-16T22:33:56.921078,23.5,45.5,46.5,37.3
2026-04-16T22:33:57.922653,58.8,22.4,21.2,44.4
2026-04-16T22:33:58.926017,40.6,39.2,51.5,62.0
2026-04-16T22:33:59.933617,65.3,55.8,61.4,54.9
2026-04-16T22:34:00.934790,13.3,13.1,8.2,11.1
2026-04-16T22:34:01.938154,52.0,23.2,17.2,17.2
2026-04-16T22:34:02.939770,21.6,60.2,24.8,45.1
2026-04-16T22:34:03.941175,40.4,19.0,57.0,30.6
2026-04-16T22:34:04.944861,24.0,50.0,26.2,48.0
2026-04-16T22:34:05.946918,19.2,82.1,30.4,18.8
2026-04-16T22:34:06.950071,18.2,51.5,57.0,19.0
2026-04-16T22:34:07.952395,57.7,65.3,66.0,61.2
2026-04-16T22:34:08.955045,38.0,28.4,24.0,39.2
2026-04-16T22:34:09.956515,9.1,23.2,9.0,17.3
2026-04-16T22:34:10.959056,20.0,43.0,48.0,34.0
2026-04-16T22:34:11.961050,68.4,25.0,31.6,18.4
2026-04-16T22:34:12.963510,18.0,62.6,33.0,34.3
2026-04-16T22:34:13.965773,18.2,35.0,18.0,75.8
2026-04-16T22:34:14.968246,59.2,28.7,25.7,36.1
2026-04-16T22:34:15.971315,46.1,71.9,44.0,56.6
2026-04-16T22:34:16.974207,64.4,53.9,45.5,44.0
2026-04-16T22:34:17.983906,0.0,0.0,5.0,0.0
2026-04-16T22:34:19.025905,17.8,46.9,38.8,39.6
2026-04-16T22:34:20.068271,17.6,62.7,25.5,39.6
2026-04-16T22:34:21.075638,68.0,25.5,36.1,21.0
2026-04-16T22:34:22.078221,25.0,46.0,20.4,56.7
2026-04-16T22:34:23.082155,48.5,26.3,35.7,40.4
2026-04-16T22:34:24.086639,60.6,32.3,57.1,36.1
2026-04-16T22:34:25.089604,63.0,57.6,56.9,55.0
2026-04-16T22:34:26.093181,13.1,9.1,10.1,14.9
2026-04-16T22:34:27.094694,45.0,14.9,27.1,18.4
2026-04-16T22:34:28.097635,15.5,51.5,21.1,49.5
2026-04-16T22:34:29.099847,50.0,52.0,26.0,18.2
2026-04-16T22:34:30.102576,59.2,31.3,38.0,19.8
2026-04-16T22:34:31.105718,82.7,19.0,19.6,26.5
2026-04-16T22:34:32.107273,17.5,36.5,31.3,62.1
2026-04-16T22:34:33.109275,59.8,62.6,76.2,57.4
2026-04-16T22:34:34.111763,27.7,38.8,31.3,25.0
2026-04-16T22:34:35.113296,9.0,8.9,34.7,11.9
2026-04-16T22:34:36.116351,18.2,18.2,79.6,28.9
2026-04-16T22:34:37.118978,70.7,32.0,19.6,26.7
2026-04-16T22:34:38.123835,18.0,89.6,20.0,21.8
2026-04-16T22:34:39.126149,68.0,42.4,18.2,18.2
2026-04-16T22:34:40.127977,23.5,32.7,73.3,22.3
2026-04-16T22:34:41.131707,79.4,44.6,46.0,50.5
2026-04-16T22:34:42.133307,51.5,53.5,49.5,53.1
